Name;Author;Sequence
linear T2ab J23100;JMejlsted;gcatcgtctcatcggtctcaAACGTTGACGGCTAGCTCAGTCCTAGGTACAGTGCTAGCCTGAtgagacctgagacggcat
linear T2ab PBAD;JMejlsted;gcatcgtctcatcggtctcaAACGacttttcatactcccgccattcagagaagaaaccaattgtccatattgcatcagacattgccgtcactgcgtcttttactggctcttctcgctaaccaaaccggtaaccccgcttattaaaagcattctgtaacaaagcgggaccaaagccatgacaaaaacgcgtaacaaaagtgtctataatcacggcagaaaagtccacattgattatttgcacggcgtcacactttgctatgccatagcatttttatccataagattagcggatcctacctgacgctttttatcgcaactctctactgtttctccatacccgtttttttgggctagcCTGAtgagacctgagacggcat
linear T2ab PCin;JMejlsted;gcatcgtctcatcggtctcaAACGccctttgtgcgtccaaacggacgcacggcgctctaaagcgggtcgcgatctttcagattcgctcctcgcgctttcagtctttgttttggcgcatgtcgttatcgcaaaaccgctgcacacttttgcgcgacatgctctgatccccctcatctgggggggcctatctgagggaatttccgatccggctcgcctgaaccattctgctttccacgaacttgaaaacgctCTGAtgagacctgagacggcat
linear T2ab PCymRC;JMejlsted;gcatcgtctcatcggtctcaAACGaacaaacagacaatctggtctgtttgtattatggaaaatttttctgtataatagattcaacaaacagacaatctggtctgtttgtattatCTGAtgagacctgagacggcat
linear T2ab PJR1;JMejlsted;gcatcgtctcatcggtctcaAACGTTCTTTCAGGCCGGGTAACACCGTGCGTGTTGACTATTTTACCTCTGGCGGTGATAATAGCTCTGAtgagacctgagacggcat
linear T2ab PJR10;JMejlsted;gcatcgtctcatcggtctcaAACGGGTGCAGTTTTGTGCGATTGCAAAATTTGCATTTACTTTTATTATCTTTTTTGATAAAAACTCTGAtgagacctgagacggcat
linear T2ab PJR11;JMejlsted;gcatcgtctcatcggtctcaAACGTCCTATAAGGACACGCATTTGACAGTAACCTATTGGTGACTTATATTCCCGTCAAAAGGTTGTGTATTGGTGACCTTCTGAtgagacctgagacggcat
linear T2ab PJR12;JMejlsted;gcatcgtctcatcggtctcaAACGTGTTAATGTAATCTGCTTGACAGCCACCTCAGTCCTAGGTACTGTGCTAGCTTGACAGCCACCCTGAtgagacctgagacggcat
linear T2ab PJR2;JMejlsted;gcatcgtctcatcggtctcaAACGGATGAGGCGGTCAGGAATAAACTTGACTAAAGATTCCTTTAGTAGATAATTTAAGTGTTCTTTAATTTCCTGAtgagacctgagacggcat
linear T2ab PJR3;JMejlsted;gcatcgtctcatcggtctcaAACGGCCACAAGCTCGAAAAGTTCATGAAACGTGAACTTGACAGCTAGCTCAGTCCTAGGTATAAAGTTCATGAAACGTGAACTCTGAtgagacctgagacggcat
linear T2ab PJR3-2;JMejlsted;gcatcgtctcatcggtctcaAACGGAAAGAAGTTCATGAAACGTGAACTACAGTTCATGAAACGTGAACTTGACAGCTAGCTCAGTCCTAGGTATAAAGTTCATGAAACGTGAACTGTTAGTTCATGAAACGTGAACTAGCTCTGAtgagacctgagacggcat
linear T2ab PJR4;JMejlsted;gcatcgtctcatcggtctcaAACGGAGAGCTAACTTTATAACTTGACAAATTGGATAGTTTTAGGTATAATAACTTGACAAATTGGATAGTTCTGAtgagacctgagacggcat
linear T2ab PJR5;JMejlsted;gcatcgtctcatcggtctcaAACGAGTCTGGGAGGTACTTTTCTTGACAAACCACGAAAAGTGGACTATAATTAAGCTGAtgagacctgagacggcat
linear T2ab PJR6;JMejlsted;gcatcgtctcatcggtctcaAACGTTGTTACCCATACTGTTTCGATAAAACCTATTTACTATCTCTCAATTGGGAGATATATTTTGGCTAAACCCACTGAtgagacctgagacggcat
linear T2ab PJR7;JMejlsted;gcatcgtctcatcggtctcaAACGATTGTCAGAAATGGCACTTGCAAAAACTTTCAGTTCAACCATAATACGTACTGAAAGTACGAAAAAGGCTGAtgagacctgagacggcat
linear T2ab PJR8;JMejlsted;gcatcgtctcatcggtctcaAACGAACTACTACGCAAAATTCAACTTCTCCGAAACGTCTATTGACATAATTACTCCGATTGCGTAATTTCTTGCTGAtgagacctgagacggcat
linear T2ab PJR9;JMejlsted;gcatcgtctcatcggtctcaAACGATGATTGGCGACTCGGTTTAGATCTCATTGACATGGTGTTTAGATCTCAAGTACTGTTAGTTTAGATGTACAATTTTGTTAGTTTAGATCTGAtgagacctgagacggcat
linear T2ab PLux*TA;JMejlsted;gcatcgtctcatcggtctcaAACGACCTGTAGGATCTTACAAGTTTACGCAAGAAAATGGTTTGTTACTTTCGAATAAACTGAtgagacctgagacggcat
linear T2ab PLuxB;JMejlsted;gcatcgtctcatcggtctcaAACGacctgtaggatcgtacaggtttacgcaagaaaatggtttgttacagtcgaataaaCTGAtgagacctgagacggcat
linear T2ab PPhlF;JMejlsted;gcatcgtctcatcggtctcaAACGcgacgtacggtggaatctgattcgttaccaattgacatgatacgaaacgtaccgtatcgttaaggtCTGAtgagacctgagacggcat
linear T2ab PRpa*A;JMejlsted;gcatcgtctcatcggtctcaAACGGCTTAACGATCGTTGGCTGACCTGTCCGATCGGACAATATTACGCAAGAAAATGGTTTGTTACTTTCGAATAAACTGAtgagacctgagacggcat
linear T2ab PSalTTC;JMejlsted;gcatcgtctcatcggtctcaAACGggggcctcgcttgggttattgctggtgcccggccgggcgcaatattcatgttgatgatttattatatatcgagtggtgtatttatttatattgtttgctccgttaccgttattaacCTGAtgagacctgagacggcat
linear T2ab PTac;JMejlsted;gcatcgtctcatcggtctcaAACGaacgatcgttggctgtgttgacaattaatcatcggctcgtataatgtgtggaattgtgagcgctcacaattCTGAtgagacctgagacggcat
linear T2ab PTet;JMejlsted;gcatcgtctcatcggtctcaAACGtactccaccgttggcttttttccctatcagtgatagagattgacatccctatcagtgatagagataatgagcacCTGAtgagacctgagacggcat
linear T2ab PTtg;JMejlsted;gcatcgtctcatcggtctcaAACGcacccagcagtatttacaaacaaccatgaatgtaagtatattccttagcaaCTGAtgagacctgagacggcat
linear T2ab PVanCC;JMejlsted;gcatcgtctcatcggtctcaAACGattggatccaattgacagctagctcagtcctaggtaccattggatccaatCTGAtgagacctgagacggcat
linear T2c BydvJ;JMejlsted;gcatcgtctcatcggtctcaCTGAagggtgtctcaaggtgcgtaccttgactgatgagtccgaaaggacgaaacacccctctacaaataattttgtttaaAAGAtgagacctgagacggcat
linear T2c ElvJ;JMejlsted;gcatcgtctcatcggtctcaCTGAagccccatagggtggtgtgtaccacccctgatgagtccaaaaggacgaaatggggcctctacaaataattttgtttaaAAGAtgagacctgagacggcat
linear T2c PlmJ;JMejlsted;gcatcgtctcatcggtctcaCTGAagtcataagtctgggctaagcccactgatgagtcgctgaaatgcgacgaaacttatgacctctacaaataattttgtttaaAAGAtgagacctgagacggcat
linear T2c RiboJ;JMejlsted;gcatcgtctcatcggtctcaCTGAagctgtcaccggatgtgctttccggtctgatgagtccgtgaggacgaaacagcctctacaaataattttgtttaaAAGAtgagacctgagacggcat
linear T2c RiboJ10;JMejlsted;gcatcgtctcatcggtctcaCTGAagcgctcaacgggtgtgcttcccgttctgatgagtccgtgaggacgaaagcgcctctacaaataattttgtttaaAAGAtgagacctgagacggcat
linear T2c RiboJ53;JMejlsted;gcatcgtctcatcggtctcaCTGAagcggtcaacgcatgtgctttgcgttctgatgagacagtgatgtcgaaaccgcctctacaaataattttgtttaaAAGAtgagacctgagacggcat
linear T2c RiboJ54;JMejlsted;gcatcgtctcatcggtctcaCTGAaggggtcagttgatgtgctttcaactctgatgagtcagtgatgacgaaaccccctctacaaataattttgtttaaAAGAtgagacctgagacggcat
linear T2c RiboJ57;JMejlsted;gcatcgtctcatcggtctcaCTGAagaagtcaattaatgtgcttttaattctgatgagtcggtgacgacgaaacttcctctacaaataattttgtttaaAAGAtgagacctgagacggcat
linear T2c RiboJ60;JMejlsted;gcatcgtctcatcggtctcaCTGAagtcgtcaagtgctgtgcttgcacttctgatgaggcagtgatgccgaaacgacctctacaaataattttgtttaaAAGAtgagacctgagacggcat
linear T2c RiboJ69;JMejlsted;gcatcgtctcatcggtctcaCTGAAGCTGTCAAGGCGTGTGCTTCGCCTTCTGATGAGCCCGTGAGGGCGAAACAGCCTCTACAAATAATTTTGTTTAAAAGAtgagacctgagacggcat
linear T2c SarJ;JMejlsted;gcatcgtctcatcggtctcaCTGAgactgtcgccggatgtgtatccgacctgacgatggcccaaaagggccgaaacagtcctctacaaataattttgtttaaAAGAtgagacctgagacggcat
linear T2c SccJ;JMejlsted;gcatcgtctcatcggtctcaCTGAAGATGCTGTAGTGGGATGTGTGTCTCACCTGAAGAGTACAAAAGTCCGAAACGGTATCCTCTACAAATAATTTTGTTTAAAAGAtgagacctgagacggcat
linear T2d B0032;JMejlsted;gcatcgtctcatcggtctcaAAGATCACACAGGAAAGTACTAGTATGtgagacctgagacggcat
linear T2d B0034;JMejlsted;gcatcgtctcatcggtctcaAAGATACTAGAGAAAGAGGAGAAATACTAGTATGtgagacctgagacggcat
linear T2d B0064;JMejlsted;gcatcgtctcatcggtctcaAAGATACTAGAGAAAGAGGGGAAATACTAGTATGtgagacctgagacggcat
linear T2d B0064;JMejlsted;gcatcgtctcatcggtctcaAAGAtactagagaaagaggggaaatactagTATGtgagacctgagacggcat
linear T2d CHRBS3c;JMejlsted;gcatcgtctcatcggtctcaAAGACGGTTCCAAAGCCAGATACTAAGGAGGTCCCACTATGtgagacctgagacggcat
linear T2d CHRBS3t;JMejlsted;gcatcgtctcatcggtctcaAAGATGGTTCCAAAGCCAGATACTAAGGAGGTCCCATATGtgagacctgagacggcat
linear T2d RBS640;JMejlsted;gcatcgtctcatcggtctcaAAGAAAGCGATACTTAGGGTAACAGTATATGtgagacctgagacggcat
linear T2d Rj101;JMejlsted;gcatcgtctcatcggtctcaAAGACGGATCTAGTAGGTACAGTGCAATCTATGtgagacctgagacggcat
linear T2d Rj11;JMejlsted;gcatcgtctcatcggtctcaAAGACAGGTTTTGAGGCGTGTATTGGCAGGCTACTAGTATGtgagacctgagacggcat
linear T2d Rj111;JMejlsted;gcatcgtctcatcggtctcaAAGATGCCACTTACATTAGCGTTTTTGATATGtgagacctgagacggcat
linear T2d Rj112;JMejlsted;gcatcgtctcatcggtctcaAAGAAATTATCTAATTCCTTTCTGAATCCGCCTATGtgagacctgagacggcat
linear T2d Rj12;JMejlsted;gcatcgtctcatcggtctcaAAGACAGGTTTTGAGCCGTGTATCGTCAGGCTACTAGTATGtgagacctgagacggcat
linear T2d Rj121;JMejlsted;gcatcgtctcatcggtctcaAAGACAATTATAAGGCCTGACGCGTTATGtgagacctgagacggcat
linear T2d Rj122;JMejlsted;gcatcgtctcatcggtctcaAAGAATCGCACAATAACTCATTTTAATATGtgagacctgagacggcat
linear T2d Rj13;JMejlsted;gcatcgtctcatcggtctcaAAGAAACATCACACGTTAGCCTCTACTATGtgagacctgagacggcat
linear T2d Rj14;JMejlsted;gcatcgtctcatcggtctcaAAGAAACATCCCTCGTTAGCCTCTTCTATGtgagacctgagacggcat
linear T2d Rj21;JMejlsted;gcatcgtctcatcggtctcaAAGAACTTTTAGCTAAAGGAATGATTGTATGtgagacctgagacggcat
linear T2d Rj22;JMejlsted;gcatcgtctcatcggtctcaAAGAGTTCGGGATTAGTCGTCTTTGGAATATGtgagacctgagacggcat
linear T2d Rj31;JMejlsted;gcatcgtctcatcggtctcaAAGAGCTGGTACTGCTCGAGTATCTTTATGtgagacctgagacggcat
linear T2d Rj32;JMejlsted;gcatcgtctcatcggtctcaAAGAGAGCGATACGCGTCTACTGAGTTTTATGtgagacctgagacggcat
linear T2d Rj41;JMejlsted;gcatcgtctcatcggtctcaAAGATATTTTTAATAAATAGGGTTTATGtgagacctgagacggcat
linear T2d Rj42;JMejlsted;gcatcgtctcatcggtctcaAAGATTCATCACTTCGCCGTTGATCGTATGtgagacctgagacggcat
linear T2d Rj51;JMejlsted;gcatcgtctcatcggtctcaAAGAAGAATATTATTGAAGATAATAGGATATGtgagacctgagacggcat
linear T2d Rj61;JMejlsted;gcatcgtctcatcggtctcaAAGAAAGAGGCGACGTAACATCCTGGAGGCAAGTAATAACTTATGtgagacctgagacggcat
linear T2d Rj71;JMejlsted;gcatcgtctcatcggtctcaAAGAGCACTACGGAATTAAGCGCTCAATATGtgagacctgagacggcat
linear T2d Rj72;JMejlsted;gcatcgtctcatcggtctcaAAGAGCACTACGGCATTAAGCGCTCAATATGtgagacctgagacggcat
linear T2d Rj73;JMejlsted;gcatcgtctcatcggtctcaAAGAACTTCGGCGCACCGGCTAGGACTACTATGtgagacctgagacggcat
linear T2d Rj81;JMejlsted;gcatcgtctcatcggtctcaAAGATTATCTTAGGTACAGGGCACATAATATGtgagacctgagacggcat
linear T2d Rj82;JMejlsted;gcatcgtctcatcggtctcaAAGATGGCGGCAACACAAATACTTGTATGtgagacctgagacggcat
linear T2d Rj91;JMejlsted;gcatcgtctcatcggtctcaAAGACAGGTTATAAGGCCTGCAGCGTTATGtgagacctgagacggcat
linear T2d Rj92;JMejlsted;gcatcgtctcatcggtctcaAAGATTTTTCTCCACTACGATGGTAATTATGtgagacctgagacggcat
linear T2d Rj93;JMejlsted;gcatcgtctcatcggtctcaAAGATTTGTCCCTTCCACTAGGCTGGTAATTATGtgagacctgagacggcat
linear T2d Rj94;JMejlsted;gcatcgtctcatcggtctcaAAGAAAGCACGCGCGTATTTGTCCTTTATGtgagacctgagacggcat
linear T3 bfp;JMejlsted;gcatcgtctcatcggtctcaTATGGTGTCTAAGGGCGAAGAGCTGATTAAGGAGAACATGCACATGAAGCTGTACATGGAGGGCACCGTGGACAACCATCACTTCAAGTGCACATCCGAGGGCGAAGGCAAGCCCTACGAGGGCACCCAGACCATGCGCATCAAGGTGGTCGAGGGCGGCCCTCTCCCCTTCGCCTTCGACATCCTGGCTACTAGCTTCCTCTACGGCAGCAAGACCTTCATCAACCACACCCAGGGCATCCCCGACTTCTTCAAGCAGTCCTTCCCTGAGGGCTTCACATGGGAGCGCGTCACCACATACGAGGACGGGGGCGTGCTGACCGCTACCCAGGACACCAGCCTCCAGGACGGCTGCCTCATCTACAACGTCAAGATCCGGGGGGTGAACTTCACATCCAACGGCCCTGTGATGCAGAAGAAAACACTCGGCTGGGAGGCCTTCACCGAAACCCTGTACCCCGCTGACGGCGGCCTGGAAGGCCGTAACGACATGGCCCTGAAGCTCGTGGGCGGGAGCCATCTGATCGCAAACGCCAAGACCACATATCGTTCCAAGAAACCCGCTAAGAACCTCAAGATGCCTGGCGTCTACTATGTGGACTACCGCCTGGAACGTATCAAGGAGGCCAACAACGAAACGTACGTCGAGCAGCACGAGGTGGCAGTGGCCCGGTACTGCGACCTCCCTAGCAAACTGGGGCACAAGCTTAATTAAATCCtgagacctgagacggcat
linear T3 cinI;JMejlsted;gcatcgtctcatcggtctcaTATGTTCGTTATCATCCAGGCTCACGAATACCAGAAATACGCTGCTGTTCTGGACCAGATGTTCCGTCTGCGTAAAAAAGTTTTCGCTGACACCCTGTGCTGGGACGTTCCGGTTATCGGTCCGTACGAACGTGACTCCTACGACTCCCTGGCTCCGGCTTACCTGGTTTGGTGCAACGACTCCCGTACCCGTCTGTACGGTGGTATGCGTCTGATGCCGACCACCGGTCCGACCCTGCTGTACGACGTTTTCCGTGAAACCTTCCCGGACGCTGCTGACCTGATCGCTCCGGGTATCTGGGAAGGTACCCGTATGTGCATCGACGAAGAAGCTATCGCTAAAGACTTCCCGGAAATCGACGCTGGTCGTGCTTTCTCCATGATGCTGCTGGCTCTGTGCGAATGCGCTCTGGACCACGGTATCCACACCATGATCTCCAACTACGAACCGTACCTGAAACGTGTTTACAAACGTGCTGGTGCTGAAGTTGAAGAACTGGGTCGTGCTGACGGTTACGGTAAATACCCGGTTTGCTGCGGTGCTTTCGAAGTTTCCGACCGTGTTCTGCGTAAAATGCGTGCTGCTCTGGGTCTGACCCTGCCGCTGTACGTTCGTCACGTTCCGGCTCGTTCCGTTGTTACCCAGTTCCTGGAAATGGCTGCTTAAATCCtgagacctgagacggcat
linear T3 jr1;JMejlsted;gcatcgtctcatcggtctcaTATGAGCACAAAAAAGAAACCATTAACACAAGAGCAGCTTGAGGACGCACGTCGCCTTAAAGCAATTTATGAAAAAAAGAAAAATGAACTTGGCTTATCCCAGGAATCTGTCGCAGACAAGATGGGGATGGGGCAGTCAGGCGTTGGTGCTTTATTTAATGGCATCAATGCATTAAATGCTTATAACGCCGCATTGCTTGCAAAAATTCTCAAAGTTAGCGTTGAAGAATTTAGCCCTTCAATCGCCAGAGAAATCTACGAGATGTATGAAGCGGTTAGTATGCAGCCGTCACTTAGAAGTGAGTATGAGTACCCTGTTTTTTCTCATGTTCAGGCAGGGATGTTCTCACCTGAGCTTAGAACCTTTACCAAAGGTGATGCGGAGAGATGGGTAAGCACAACCAAAAAAGCCAGTGATTCTGCATTCTGGCTTGAGGTTGAAGGTAATTCCATGACCGCACCAACAGGCTCCAAGCCAAGCTTTCCTGACGGAATGTTAATTCTCGTTGACCCTGAGCAGGCTGTTGAGCCAGGTGATTTCTGCATAGCCAGACTTGGGGGTGATGAGTTTACCTTCAAGAAACTGATCAGGGATAGCGGTCAGGTGTTTTTACAACCACTAAACCCACAGTACCCAATGATCCCATGCAATGAGAGTTGTTCCGTTGTGGGGAAAGTTATCGCTAGTCAGTGGCCTGAAGAAACGTTTGGCTGAATCCtgagacctgagacggcat
linear T3 jr10;JMejlsted;gcatcgtctcatcggtctcaTATGAAGGAAAATAAGAGGATGATAGAAATAGATATTGGCCCGGTATTAAAGCGCATCCGTTATGAGCGAGGGCTAACGCTACAAAAGCTGTCACGGCTTACGGATGACAAAGTGCTACCAAGCAACATTTCCCGCATCGAGAGTGCGGGCGCTGGCGCTACGCTTAAAACCTTGACCACCTTGGCGAATGCGCTGGGGACTTCTCCTTCTGACATTCTTCGTGAAGCTGAGGGCGGTGATAAGGTGATCACCAAGCCGCAGCAAGTCCTTTATGTACCTGTTTTGTCTTGGGTTCAGGCTGGCACCTGGACTGAATCACCAGAGCAGCCTGCCGATGGTGACTATGATGAATGGGTAGAGGCACCAAGAGGCGCATCCAGGAAGGCTTTCGGCCTTCGAGTTCAAGGGGATAGTATGCAAGCCCCTATCGGCAAGTCGTTCCCGGAAGGATGCTGCATAGTTGTTGACCCAACCAAACAAGCAGATAACCGCTCGTTTGTTGTTGCTCGCCTGGCAGACACAGGAGAGCACACGTTCAAGCAGCTGATCATTGACGGGCCGCACCAATATCTAAAGCCGCTAAACCCAAGTTACCGAACCATAGAAGTGAACAGCGAAGTACACGTCTGCGGGGTCGTTTTAGCATGGGGTGAAGGGTACACGGTGAACGGTATTTAAATCCtgagacctgagacggcat
linear T3 jr11;JMejlsted;gcatcgtctcatcggtctcaTATGCAGACATTCGAAAAACTGAAAGCGATTAGGAAAGCAGAAGGCTTAACACAGGCGAAATTCAGCGAAATTAGCGGGATAGCTCTAGGAACAGTCAAAAATTACGAAAGTGGGCATAAAGACCCTGGTCTGAGCATCGTTATGCGAGTCACAAATACGCCTTTATTTAAAAAATATACGCTCTGGTTAATGACTGGTGATACGTCACCACAAGCTGGTCAGATCGCGCCGGCTCTCGCACACATTGGGCAAAAACCAACAGAATCAGACCACTCCGAAAAACAGACTGGTTAAATCCtgagacctgagacggcat
linear T3 jr12;JMejlsted;gcatcgtctcatcggtctcaTATGAGCGGCAAAATCCAACACAAAGCAGTGGTTCCGGCCCCTAGCCGAATACCACTCACTCTCAGCGAGATCGAAGATCTTCGCAGGAAGGGGTTTAATCAGACCGAAATCGCAGAGCTGTATGGCGTGACTCGACAAGCGGTGTCGTGGCACAAGAAAACCTACGGAGGACGGTTGACCACCAGGCAGATCGTCCAGCAGAACTGGCCGTGGGACACGCGGAAACCTCACGATAAGTCGAAGGCTTTTCAGAGGCTCCGGGATCACGGCGAGTACATGCGAGTGGGTAGCTTCCGCACGATGTCCGAAGATAAGAAGAAGCGCCTATTGTCGTGGTGGAAGATGCTCCGCGACGACGACTTAGTGCTCGAGTTCGACCCATCCATCGAGCCCTACGAAGGTATGGCCGGCGGCGGGTTCAGGTACGTCCCCCGAGGCATCGAGGATGACGATCTCCTGATCCGGGTGAACGAGCACACCAACCTCACCGCCGAGGGTGAACTCCTCTGGTCGTGGCCAGACGACATCGAGGAGCTTCTCTCGGAGCCCTAAATCCtgagacctgagacggcat
linear T3 jr2;JMejlsted;gcatcgtctcatcggtctcaTATGGGAGAGCGTATCCGTGCGCGCCGTAAAAAATTAAAAATCCGCCAGGCAGCGTTAGGCAAGATGGTCGGTGTTTCGAATGTAGCGATCTCTCAGTGGGAGCGTAGCGAAACTGAACCGAATGGAGAAAATTTATTGGCTTTATCTAAGGCACTGCAGTGTAGTCCGGACTACTTGTTGAAAGGTGATCTGAGTCAAACAAACGTCGCGTACCATTCTCGCCATGAACCACGTGGCTCTTATCCTCTGATTAGCTGGGTGTCTGCGGGGCAGTGGATGGAGGCGGTCGAACCGTATCACAAGCGTGCAATCGAGAATTGGCATGATACGACTGTAGACTGTAGCGAGGATTCGTTCTGGTTGGATGTTCAAGGGGATAGCATGACCGCACCCGCCGGATTAAGCATCCCCGAAGGCATGATTATTTTGGTCGATCCGGAAGTGGAGCCTCGCAACGGCAAACTTGTCGTGGCTAAGTTGGAAGGCGAGAATGAGGCGACGTTTAAGAAACTTGTCATGGATGCCGGACGTAAGTTTTTGAAACCCTTAAATCCGCAATATCCGATGATCGAGATCAATGGAAACTGCAAAATTATCGGTGTAGTAGTTGATGCCAAGCTGGCTAACTTACCGTAGATCCtgagacctgagacggcat
linear T3 jr3;JMejlsted;gcatcgtctcatcggtctcaTATGAAGACTGACACATCAAATCGCTTAAAGCAGATCATGGCTGAGCGCAACCTTAAACAAGTGGATATCCTGAATCTTAGCATCCCTTTTCAAAAAAAATTCGGGATCAAATTGAGCAAGTCCACCCTTTCGCAATACGTCAACTCGGTACAATCCCCAGACCAGAACCGTATTTACCTGTTAGCCAAGACCTTGGGGGTAAGTGAAGCATGGTTGATGGGATTCGACGTTCCAATGGTGGAATCCTCGAAGATTGAGAATGATTCAGAGAACATTGAGGAAACGATCACCGTCATGAAGAAGCTGGAAGAGCCGCGTCAGAAAGTGGTCTTGGATACAGCAAAAATTCAGTTAAAGGAGCAGGATGAACAGAATAAGGTAAAGCAGATCGAGGACTATCGCTTATCCGACGAATATTTGGAGGAGCAGATCAGCAAGGCGTCGGCTTACGGAGGGGGGCAACTTAACGATAATGATAAGGAATTTTTCAAACGTCTGCTGAAAAACACCCTTAAGGAGAAAATTGACAAAGGCGATCTTTGAATCCtgagacctgagacggcat
linear T3 jr4;JMejlsted;gcatcgtctcatcggtctcaTATGAAGAAGATTCGCCTTCCCGAAATGATTGACTACTTCCGTAAGGAAAACGGCTGGACTATGAAAGAGTTTGGTGAAAAATTAGGGAAGAGTGAGAGCGCTATTAGCAAGTGGATCAAGGGGGTACGCTCCCCTATGGTAGAGGATTTTGACAAGATGGTGAATTTATTTAACACTGACCCAGAAACCCTGATGTATGGTGCGTCAGATTTATCTACGACGTTGAGCGAAATCAATAAGATTTCGAGCCAACTTGAGGAACCGCGCCAGAAGGTTGTACTGAATACGGCAAATAATCAGCTTGACGAACAAAATCAGGAAAAGAAAAAGGAATCTAAAGTCATCCCTATTAACAAAATCCCAGATGACTTACCACCCTACATTAGTCGCAAAATTCTGGAAAATTTTGTAATGCCGACTAACACTATGGAATACGAAGCTGATGAAGATATGGTGGACGTACCCATCCTTGGGCGCATCGCGGCGGGCCTTCCGCTTGACGCGGTAGAAAACTTTGATGGAACGCGCCCAGTCCCTGCACATTTCCTTTCGAGTGCCCGTGATTACTATTGGCTTATGGTGGACGGCCATTCTATGGAACCTAAGATTCCGTACGGAGCATACGTCTTGATCGAAGCCGTCCCCGATGTGAGCGATGGGACCATTGGTGCCGTCTTATTCCATGATGATTGTCAGGCGACGCTGAAAAAGGTATATCACGAGATCGACTGTTTGCGCTTAGTCTCAATTAACAAAGAATTTAAGGACCAATTCGCCACGCAAGATAATCCAGCTGCAGTGATTGGTCAAGCAGTTAAGGTTGAAATCGACTTGTAAATCCtgagacctgagacggcat
linear T3 jr5;JMejlsted;gcatcgtctcatcggtctcaTATGGTTATCGAACAAATCAACAAGTACGTTGGAAGCAAGATTAAGGATTATCGTAAATCATTTGGACTTTCCCAGGAAGAATTGGCTAAAAAAATTGGAGTCGGCAAAACCACTATCTCTAATTATGAAGTAGGGATCCGCTCACCAAAAAAGCCTCAGCTTATTAAATTATCCGAGGTGTTCGATGTAGCAATTGATGATTTTTTTCCTCAGACTGATAGTACACGCATGAACGTGTCTAGCATCCTGTCCGAAATCAACAAGATTTCCTCCCAGCTTGAAGAACCGCGCCAAAAGATCGTGCTTAATACCGCTACCAACCAACTTGATGAGCAGAATCAAGAAAAGAAAAAGGAAAGTAAGGTCATTCCTATCAATAAGATCCCTGACGATCTTCCACCTTACATTTCCCGCAAAATTTTAGAGAATTTTATTATGCCTTCCAATACGATGGAATATGAACCCGACGAGGACATGGTAGACGTTCCGATTTTGGGGCGTATTGCCGCCGGGTTACCACTGGATGCGGTCGAAAACTTCGATGGAACCCGTCCCGTACCAGCCCATTTCTTATCAAGTGCCCGTGATTACTACTGGTTAATGGTAGACGGTCACAGTATGGAACCGAAGATTCCTTATGGAGCCTACGTGCTGATTGAGGCGGTTCCCGATGTGTCAGACGGTACTATTGGTGCTGTACTTTTCCAAGATGACTGCCAGGCCACGTTAAAGAAGGTATATCACGAGATCGACTGTTTACGCCTGGTGTCCATTAACAAAGAGTTTAAGGATCAGTTTGCCACGCAAGACAATCCTGCTGCTGTTATCGGGCAGGCAGTGAAAGTAGAAATCGATTTGTAAATCCtgagacctgagacggcat
linear T3 jr6;JMejlsted;gcatcgtctcatcggtctcaTATGAGAATAGATTCTTTAGGATGGAGCAACGTGGATGTACTTGACCGCATCTGCGAGGCGTACGGATTTTCGCAGAAAATTCAATTAGCTAACCACTTCGATATCGCGTCCAGCTCATTGTCAAACAGGTACACCCGAGGCGCTATCTCCTATGACTTTGCGGCTCACTGTGCCCTTGAAACAGGTGCTAATCTCCAGTGGTTACTTACCGGAGAAGGAGAAGCATTTGTAAATAACAGAGAATCGAGCGACGCAAAAAGGATTGAGGGATTCACATTAAGTGAAGAAATCCTCAAATCCGATAAACAATTGAGTGTTGATGCCCAATTTTTCACAAAACCGCTCACAGATGGGATGGCTATCCGTTCCGAGGGGAAAATTTATTTTGTGGACAAGCAAGCATCATTGTCTGACGGCTTATGGCTAGTCGACATTGAGGGAGCAATAAGCATTCGAGAGTTAACAAAACTACCGGGTAGAAAACTACATGTTGCAGGCGGGAAGGTTCCTTTCGAATGCGGCATTGATGATATTAAAACGTTGGGGCGTGTGGTGGGTGTATACAGCGAGGTTAACTAAATCCtgagacctgagacggcat
linear T3 jr7;JMejlsted;gcatcgtctcatcggtctcaTATGGTTCAGAATGAAAAAGTGCGCAAAGAATTCGCCCAGCGGCTAGCGCAAGCCTGTAAAGAAGCTGGTCTTGATGAACATGGTAGGGGAATGGCTATAGCCCGTGCCCTTTCTCTTTCGTCCAAAGGCGTTAGCAAATGGTTTAATGCTGAGTCTTTACCGCGTCAGGAAAAAATGAATGCGCTTGCGAAATTTCTAAACGTTGATGTTGTTTGGCTTCAGCACGGCACTTCGTTAAATGGAGCGAATGATGAAGATACTCTTTCATTTGTTGGCAAATTAAAAAAAGGGTTAGTGCGCGTGGTTGGTGAGGCAATTCTTGGTGTTGATGGTGCCATCGAGATGACCGAAGAACGCGATGGGTGGCTCAAAATTTATAGCGATGATCCAGATGCCTTTGGTCTGCGTGTGAAAGGAGACAGCATGTGGCCCAGAATAAAATCAGGAGAATATGTACTCATTGAGCCTAACACCAAAGTATTCCCGGGTGATGAGGTGTTTGTCAGAACCGTTGAAGGACACAACATGATTAAGGTTCTTGGCTATGACAGAGATGGAGAATACCAATTTACAAGCATTAACCAGGATCACAGGCCTATAACGTTGCCTTATCATCAAGTAGCAAAGGTGGAGTATGTAGCTGGTATTCTGAAGCAATCTCGCCATCTGGATGACATCGAGGCAAGGGAGTGGCTGAAAAGTTCGTGAATCCtgagacctgagacggcat
linear T3 jr8;JMejlsted;gcatcgtctcatcggtctcaTATGTCAATAGACGTTTCGGAGAAGTTGAAGCTAATCCGTGAATCTGAAAGGTTAAACCGTAAAGAATTCAGTGAATTAACTGGTGTAGCCTACAGCTCACTTTCGAGCTATGAGAGCCGGTCAAAAAACGCTGGAGTTGAAGCCATAATGAAGGTCTTACAACATCCTAGATTTACTAAATATACTTTGTGGTTCATGACTGATCAGGTAGCTCCAGAAGCCGGGCAAATTGCGCCCGCTCTCGCACACTTTGGGCAAAACGAAACAACGTCGCCCCACTCCGGTCAAAAGACTGGTTAAATCCtgagacctgagacggcat
linear T3 jr9;JMejlsted;gcatcgtctcatcggtctcaTATGTCAAACACGATAAGCGAGAAGATAGTCTTAATGCGAAAATCAGAGTATTTGAGCAGACAACAACTTGCTGATTTAACAGGGGTTCCGTATGGCACGCTGAGTTACTATGAAAGTGGTCGTTCAACACCTCCAACAGATGTCATGATGAACATCCTGCAGACCCCACAATTCACCAAATACACTTTATGGTTCATGACCAATCAGATCGCTCCTGAGTCCGGGCAAATTGCGCCCGCTCTCGCACACTTTGGGCAAAACGAAACAACGTCGCCCCACTCCGGTCAAAAGACTGGTTAAATCCtgagacctgagacggcat
linear T3 luxI;JMejlsted;gcatcgtctcatcggtctcaTATGACTATAATGATAAAAAAATCGGATTTTTTGGCAATTCCATCGGAGGAGTATAAAGGTATTCTAAGCCTTCGTTATCAAGTGTTTAAGCAAAGACTTGAGTGGGACTTAGTTGTAGAAAATAACCTTGAATCAGATGAGTATGATAACTCAAATGCAGAATATATTTATGCTTGTGATGATACTGAAAATGTAAGTGGATGCTGGCGTTTATTACCTACAACAGGTGATTATATGCTGAAAAGTGTTTTTCCTGAATTGCTTGGTCAACAGAGTGCTCCCAAAGATCCTAATATAGTCGAATTAAGTCGTTTTGCTGTAGGTAAAAATAGCTCAAAGATAAATAACTCTGCTAGTGAAATTACAATGAAACTATTTGAAGCTATATATAAACACGCTGTTAGTCAAGGTATTACAGAATATGTAACAGTAACATCAACAGCAATAGAGCGATTTTTAAAGCGTATTAAAGTTCCTTGTCATCGTATTGGAGACAAAGAAATTCATGTATTAGGTGATACTAAATCGGTTGTATTGTCTATGCCTATTAATGAACAGTTTAAAAAAGCAGTCTTAAATTAAATCCtgagacctgagacggcat
linear T3 phlA;JMejlsted;gcatcgtctcatcggtctcaTATGAATAAGGTAGGAATTGTGAGCTATGGCGCGGGTATCCCGGTCTGCCGGCTCAAGGTGGACGACGTGATCCAGGTGTGGAAAAACACCGATCTGAGTTTGGTAAAGGGCCAATTGGGCGTTATTGAAAGGGCCGTCCTGCAACCCGACGAAGATGTCATAACCTTGGGTGTCCTCGCCGCCCAACGCGCGCTGGACAAGGCACCACCTTGTTCCCTCGAAGCGCTTTATCTCGGCACCTGCACCAATCCTTATGACTCCCGGGCCTCGGCCGCAATCATCCTGGAAATGCTCGGCTGCGGCTATGACGCCTTTTGCGCAGACGTGCAGTTTGCCGGCAAATCAGGCACCAGCGCCCTCCAGATCGCATACGCCTTGGTAGCGTCGGGCATGGTGGGCAACGCTTTGGCGGTGGGTGCCGATACGATCAACCGCAACACCGCCCCCGGTGACTTGACGGAGTCCTATGCCGGAGCCGGGGCCGCGGCCTTGCTGTTGGGGACAGAAAATGTGATCGCGCATTTTGACGCAAGTTTTTCTTGCGCGGCGGATGTCGCTGACAACATCAGGCCTCAAGGGGACCGCTATATCCGCTCGGGAATGGGATTGGGCTCGGACAAGAACAGTATCGGCCTCGAGGACCAGACTCGCCGCGCCGCCTCGGGATTGATGGCCAAGATCCATGCGCAAGCCGATGATTTCGATTACGTCGTTTTCCAACAAAACCTGGTGTCGACCCCCTACTCTCTCGGCAAGCACCTGGGATTCACGAAGGCCCAAATCGAACCTGGCATCTACGCCCAGAGTGTCGGCGATGCTGGAGCCGCGAGTCCTTTACTGGGCTTGGTCAACGTACTCGATCAAGCGCGTCCTGGCGAAAGAATCCTGGTGGTTTCCTATGGCTTCGGTGCGGGCAGCGATGCCATCGCCTTGACCGTCACCGATGCCATCGAAGCCTATCAAAAGACCAACGTTCCGCTGCGCACGCAGCTGGAGGATAAGTACTACGTGGATTACGGGACGTCGATCAAGTACGAGTTCAAATACTTGCGGCCCGACTATGCCCTGACGGCCTATCTCTGAATCCtgagacctgagacggcat
linear T3 phlB;JMejlsted;gcatcgtctcatcggtctcaTATGTCCCTTTACCCTGAACAAATTCACCGCATGACCACCGCCAGCATGTTGCGCGAATGGCGCGAACACGGTGGCAAATACCGCCTCGAAGGCAGCCGATGCCAGGACTGCGAAGAAATCTTCTTCCCTCGGCGCACAGTTTGCGGTGCGTGCAACTCGTTGAATGTAGAACCGTATCGCTGCGCGCGCACCGGCACTATCCAGGTCAGCGCACACGCCGAGAACCCCATTCTTGCGGCCATGGGCTACGGCGAAACCGTGCCCCGCTTCATGGCGATGGTGCGCCTGGATGATGGTCTGGTGATTGCCTCGGAAATAGTTGACGTCATCGATCCGCGACAAGTCGTCAGCGGTGCGCCCGTGCGCATGGTCATTCGAAAACATGTCCGGGAAAGTAACTTGGCCTGGCAATATGCCTATAAGTTTGTATTGGTGAAATAAATCCtgagacctgagacggcat
linear T3 phlC;JMejlsted;gcatcgtctcatcggtctcaTATGTGCGCACGACGCGTTGCTATCGTTTCGGCTGCCTATACCCCTAAACCTGGCAGTTCCAGAGTTCGCCAGACTTTCAAGGAGATGATCGTCGAGTCCGCCTACCAGGCACTCAACGCCATCAAGATGCACCCTCGCGAACTTCAGGCAGTTGCCTATGGGTACCATGGTGAAGGTATTTCTGAATACGGAGGTCTGGGCCCAACCATCTCCGATGCCTTGGGGATCAGCCCTGCCCCCACGTTCATGAGTACGGCCAACTGCACCAGCAGTTCGGTGTCTTTCCAGATGGCTCACCAAATGGTCGCCTCAGGTGAATACGACATCGTTCTGTGTGGCGGCTTTGAAAAAATGACCGATCACTTCAACTATGCCGAGTACATTGGCTCGAGCACTGAATGTGAATACGATTATTTTCTAGGCATCTCTCACACAGACGCCTTCGCCCTGGCGACCGCCGAATATTTTGAAAAGTACGGCTATGCAGGACGCGAAGCGGATGTATTGGCCACTTTCGGGCGGCAGATGCGCATTTATGCCCATAACACTCCCACGGCTACCCGTTATGGCGTGCCGATCCCGTCACTCGAAACACTCAAAAGCAGCGAAGCATGCGGCTCCATGCTGGCCTGGGGTGAAGCCAGCGGTTGCGCCATCCTGGTTGCCGAACACCTTGTGCACCGCTACACGACCCAACCGGTATTTGTCCGTGGCTGTGCCTACACCGGTGTGTCGCATTATTTCGGCACGCGCTATCACAACCCGACGTTGCAATTTCCGGGGCTGCCAAAAGATGTCGGCATGGCGGTTTCCGCCAACTCGCTGGCCTGCGCCGAAATCGCCTACAAAAAAGCCGGTATCACCGCAAAGGATATCGATGTGGCGCAAGTCTACGACTTGCTGGGCGCCGGGTTGATTCAAATGGAGTCCATGGGCGTATGTGGTCCAGGCCAGGCAGGCGACTTTGTATTGGAAGGCGGCATAGCCCTTGATGGGCAACTTCCCCTGAACACTGACGGCGGCAACATCGGACGCGGCCACGCTTCCGGTTGCGATGGGATTTTGCACATTACTGAATTGTTCCGGCAGCTTCGCGGCGAGTCCAACAATCAAGTCAAAGGCGCGCGTATTGGCGTGTCGCAAAACCTGGGCGGTTACGCCGCGCACAACAGCGTCATTGTGCTTTCCAACGATTAAATCCtgagacctgagacggcat
linear T3 phlD;JMejlsted;gcatcgtctcatcggtctcaTATGTTTCTAACTTTATTGGCTTTTAGCCGAGGACTTGTCATGTCTACTCTTTGCAAACCCAGTCTGCTGTTCCCGCAATATAAGATCACCCAGCAACAAATGATCGAGCATCTAGAGCAGTTGCATGATGATCACCCGAGAATGGCTCTTGCCAAACGCATGATTCAAAACACACAGGTGAACGAACGATACTTGGTCCTGCCCATTGATGAACTGGCGGTGCATACCGGCTTCACCCATCGCAGCATTGTTTATGAGCGCGAGGCCCGCCGCATGTCATCCATCGCGGCGCGCCAAGCCATCGAGAATGCCGGGCTGACCACCGACGACATTCGAATGGTCGCTGTGACATCGTGCACGGGTTTCATGATGCCTTCGCTGACGGCCCACTTGATCAACGACCTGGGCCTGCGAACATCGACCGTACAACTGCCTATCGCTCAATTGGGATGCGTGGCAGGCGCTGCGGCGATCAATCGAGCCAATGACTTCGCCAGCCTGGCGCCGGACAACCATGTGCTCATCGTGTCCCTGGAGTTCTCGTCGCTCTGCTATCAACCCCAGGACACCAAGTTGCACGCATTCATCTCAGCGGCATTATTCGGCGATGCGGTATCAGCCTGCGTAATGCGAGCCGACGATCAGGCGTCTGGTTTCAAGATCGCCAAGACGGGGTCTTACTTCCTGCCTGATAGCGAGCACTATATTAAATACGACGTCAAAGACAGTGGCTTTCACTTCACCCTGGACAAGGCGGTCATGAACTCCATTAAAGATGTCGCACCCATGATGGAGGAATTGAACTACGAAACCTTCAATCAACATTGCGCTCAAAATGACTTTTTCATCTTCCATACAGGCGGACGGAAAATTCTTGATGAACTGGTCCTGCAATTGGACTTGGAACCCGGCAGGGTCGCGCAATCCCGCGACAGTTTGAGCGAAGCCGGGAACATCGCCAGCGTGGTGGTTTTCGATGTGCTCAAGCGCCAGTTCGACAGCGGACCTGTCAATGGCGCGACGGGCATGTTGGCGGCCTTCGGCCCGGGTTTCACCGCTGAAATGGCCGTGGGCAAGTGGGTCGCCTGAATCCtgagacctgagacggcat
linear T3 rfp;JMejlsted;gcatcgtctcatcggtctcaTATGGCTTCCTCCGAAGACGTTATCAAAGAGTTCATGCGTTTCAAAGTTCGTATGGAAGGTTCCGTTAACGGTCACGAGTTCGAAATCGAAGGTGAAGGTGAAGGTCGTCCGTACGAAGGTACCCAGACCGCTAAACTGAAAGTTACCAAAGGTGGTCCGCTGCCGTTCGCTTGGGACATCCTGTCCCCGCAGTTCCAGTACGGTTCCAAAGCTTACGTTAAACACCCGGCTGACATCCCGGACTACCTGAAACTGTCCTTCCCGGAAGGTTTCAAATGGGAACGTGTTATGAACTTCGAAGACGGTGGTGTTGTTACCGTTACCCAGGACTCCTCCCTGCAAGACGGTGAGTTCATCTACAAAGTTAAACTGCGTGGTACCAACTTCCCGTCCGACGGTCCGGTTATGCAGAAAAAAACCATGGGTTGGGAAGCTTCCACCGAACGTATGTACCCGGAAGACGGTGCTCTGAAAGGTGAAATCAAAATGCGTCTGAAACTGAAAGACGGTGGTCACTACGACGCTGAAGTTAAAACCACCTACATGGCTAAAAAACCGGTTCAGCTGCCGGGTGCTTACAAAACCGACATCAAACTGGACATCACCTCCCACAACGAAGACTACACCATCGTTGAACAGTACGAACGTGCTGAAGGTCGTCACTCCACCGGTGCTTAAATCCtgagacctgagacggcat
linear T3 rpaI;JMejlsted;gcatcgtctcatcggtctcaTATGCAGGTTCATGTTATTCGTCGTGAAAATCGTGCACTGTATGCAGGTCTGCTGGAAAAATACTTTCGTATTCGCCATCAGATCTATGTTGTTGAACGTGGTTGGAAAGAACTGGATCGTCCGGATGGTCGTGAAATTGATCAGTTTGATACCGAAGATGCAGTTTATCTGCTGGGTGTTGATAACGATGATATTGTTGCAGGTATGCGTATGGTTCCGACCACCAGTCCGACCCTGCTGAGTGATGTTTTTCCGCAGCTGGCACTGGCAGGTCCGGTTCGTCGTCCTGATGCATATGAACTGAGCCGTATTTTTGTTGTTCCGCGTAAACGTGGTGAACATGGTGGTCCGCGTGCAGAAGCAGTTATTCAGGCAGCAGCAATGGAATATGGTCTGAGCATTGGTCTGAGTGCATTTACCATTGTTCTGGAAACCTGGTGGCTGCCTCGTCTGGTTGATCAGGGCTGGAAAGCAAAACCGCTGGGTCTGCCGCAGGATATTAATGGTTTTAGCACCACCGCAGTTATTGTGGATGTTGATGATGATGCATGGGTGGGTATTTGTAATCGTCGTAGCGTTCCGGGTCCGACACTGGAATGGCGTGGTCTGGAAGCAATTCGTCGTCATAGCCTGCCGGAATTTCAGGTTATTAGCTAAATCCtgagacctgagacggcat
linear T3 rpaL;JMejlsted;gcatcgtctcatcggtctcaTATGGAGAAGGACACGAAACAAGTCGACATCATTTTTCGTTCGAAGCTCCCCGACATTTACATCCCCAACCATCTTCCGCTTCACTCGTACTGTTTTGAAAACATTTCCGAATTCAGCAGCCGGCCCTGTCTCATTAACGGCGCAAATAAGCAGATTTACACCTACGCGGATGTTGAACTTAATTCGCGCAAAGTCGCCGCCGGCCTCCATAAGCAGGGTATCCAGCCCAAAGATACGATCATGATCCTGCTTCCCAACTCGCCCGAATTCGTTTTCGCGTTTATTGGCGCGTCGTACCTGGGCGCAATCAGCACGATGGCCAACCCCCTTTTTACCCCCGCCGAGGTGGTTAAGCAAGCCAAGGCGAGCTCCGCCAAGATTATTGTCACGCAGGCATGCCACGTCAATAAAGTTAAGGATTACGCATTTGAAAATGATGTGAAGATTATCTGCATCGACAGCGCCCCCGAGGGCTGCCTGCACTTCTCGGTCCTTACGCAGGCCAATGAGCACGACATTCCCGAGGTGGAGATTCAGCCCGATGACGTCGTCGCGCTCCCCTATAGCAGCGGCACCACGGGTCTGCCCAAAGGTGTCATGCTCACCCACAAAGGCCTCGTGACCAGCGTGGCACAACAGGTGGACGGCGAAAACCCCAACCTTTACATCCATTCCGAGGACGTTATGCTGTGTGTGCTCCCCCTGTTTCACATTTACTCCCTTAACTCGGTCCTTCTTTGCGGCCTCCGTGTTGGCGCAGCAATCCTTATTATGCAAAAGTTCGATATTGTCAGCTTCCTGGAGCTCATTCAACGCTACAAAGTCACGATTGGCCCCTTCGTCCCCCCGATTGTGCTCGCGATTGCGAAGTCCCCCATGGTGGATGACTACGATCTCAGCAGCGTCCGTACGGTCATGTCCGGCGCGGCACCGCTCGGTAAAGAACTGGAGGATACGGTCCGGGCCAAATTCCCGAATGCGAAGCTGGGTCAGGGTTACGGCATGACCGAGGCAGGTCCCGTGCTCGCCATGTGCCTGGCATTCGCGAAGGAGCCCTTCGAGATCAAGAGCGGTGCGTGCGGCACGGTCGTTCGGAACGCGGAAATGAAAATCGTGGACCCCAAAACCGGCAATTCCCTTCCCCGCAACCAATCCGGCGAAATTTGCATCCGGGGTGACCAGATTATGAAGGGCTATCTTAATGACCCGGAAGCCACGGCGCGGACGATTGACAAAGAAGGTTGGCTGTATACCGGTGACATTGGTTACATCGACGATGACGACGAGCTTTTTATTGTGGACCGGCTCAAAGAACTCATCAAATATAAAGGCTTTCAAGTTGCGCCCGCGGAGCTGGAGGCACTGCTTCTTAACCATCCCAACATCTCGGATGCCGCGGTCGTGCCGATGAAGGATGAACAAGCGGGTGAAGTGCCGGTCGCGTTTGTGGTTCGGAGCAACGGCTCCACGATTACGGAGGATGAGGTTAAGGATTTTATTTCCAAGCAGGTTATCTTTTATAAACGGATTAAACGCGTTTTCTTCGTCGATGCCATCCCCAAATCCCCCAGCGGCAAGATCCTTCGGAAAGATCTTCGTGCGAAACTGGCAGCAGGCCTTCCGAATTAAATCCtgagacctgagacggcat
linear T3 rpaRAM;JMejlsted;gcatcgtctcatcggtctcaTATGATTGTGGGTGAAGATCAGCTGTGGGGTCGTCGTACACTGGAATTTGTTGATAGCGTTGAACGTCTGGAAGCACCGGCACTGATTAGCCGTTTTGAAAGCCTGATTGCAAGCTGTGGTTTTACCGCCTATATCATGGCAGGTCTGCCGAGCCGTAATGCCGGTCTGCCGGAACTGACCCTGGCAAATGGTTGGCCTCGTGATTGGTTTGATCTGTATGTTAGCGAAAACTTTAGCGCAGTTGATCCGGTTCCGCGTTATGGTGCAACCACTGTTCATCCGTTTGTTTGGAGTGATGCACCGTATGATCGTGACCGTGATCAGGCAGCACATCGTGTTATGACCCGTGCAGCAGAATTTGGTCTGGTTGAAGGTTATTGTATTCCGCTGCATTACGATGATGGTAGCGCAGCAATTAGTATGGCAGGTGAAGATCCTGATCTGAGTCCGGCAGCCCGTGGTGTAATGCAGCTGGTTAGCATTTATGCACATAGCCGTCTGCGTGTACTGAGCCGTCCGAAACCGATTCGTCGTAATCGTCTGACACCGCGTGAATGTGAAATTCTGCAGTGGGCAGCACAGGGTAAAACCGCATGGGAAATTAGCGTTATTCTGTGTATTACCGAACGCACCGTTAAATTTCATCTGATTGAAGCAGCACGTAAACTGGATGCAGCAAATCGTACCGCAGCAGTTGCAAAAGCACTGACACTGGGTCTGATTCGTCTGTAAATCCtgagacctgagacggcat
linear T3 talS;JMejlsted;gcatcgtctcatcggtctcaTATGCTGGCCATGAGCCCGCCGAAACCGGCAGTGGAACTGGATCGTCATATTGATCTGGACCAGGCACACGCTGTTGCAAGCGGCGGTGCACGTATCGTCCTGGCACCTCCGGCCCGTGATCGCTGCCGTGCATCCGAAGCTCGTCTGGGTGCAGTCATTCGTGAAGCTCGCCATGTGTATGGCCTGACCACGGGTTTTGGTCCGCTGGCAAACCGTCTGATCAGCGGTGAAAATGTGCGCACCCTGCAAGCTAACCTGGTTCATCACCTGGCCAGCGGCGTGGGTCCGGTTCTGGATTGGACCACGGCACGTGCAATGGTCCTGGCACGCCTGGTGAGCATTGCACAAGGTGCCAGCGGTGCATCCGAAGGCACCATTGCGCGTCTGATCGATCTGCTGAACAGCGAACTGGCTCCTGCGGTGCCGAGCCGCGGTACCGTTGGTGCAAGCGGCGACCTGACGCCGCTGGCACATATGGTGCTGTGTCTGCAAGGCCGCGGTGATTTCCTGGATCGTGACGGTACCCGCCTGGACGGTGCAGAAGGCCTGCGTCGCGGCCGTCTGCAACCGCTGGATCTGAGCCACCGCGACGCCCTGGCACTGGTGAACGGTACCAGCGCGATGACGGGCATCGCCCTGGTTAATGCTCATGCGTGCCGTCACCTGGGTAACTGGGCAGTTGCACTGACCGCTCTGCTGGCAGAATGTCTGCGTGGTCGTACGGAAGCATGGGCGGCCGCACTGAGCGATCTGCGCCCGCATCCGGGTCAGAAAGACGCTGCGGCCCGCCTGCGTGCACGTGTTGATGGCTCCGCTCGTGTGGTTCGCCACGTCATTGCGGAACGTCGCCTGGATGCCGGTGACATCGGCACCGAACCGGAAGCCGGTCAGGATGCATACAGCCTGCGTTGCGCACCGCAAGTGCTGGGTGCTGGTTTTGATACCCTGGCGTGGCATGACCGCGTTCTGACCATTGAACTGAACGCGGTTACGGATAATCCGGTCTTTCCGCCGGACGGTAGCGTCCCGGCACTGCATGGCGGTAATTTCATGGGCCAGCACGTTGCACTGACCTCGGATGCTCTGGCAACCGCCGTTACGGTCCTGGCAGGTCTGGCAGAACGTCAAATCGCGCGCCTGACGGACGAACGTCTGAATCGCGGCCTGCCGCCGTTTCTGCATCGTGGTCCGGCGGGCCTGAACAGCGGTTTCATGGGTGCACAGGTGACCGCAACGGCTCTGCTGGCTGAAATGCGTGCAACCGGTCCGGCAAGCATTCACAGCATCAGCACGAACGCAGCTAATCAAGATGTCGTGTCGCTGGGCACCATTGCGGCCCGTCTGTGTCGCGAAAAAATCGACCGTTGGGCAGAAATTCTGGCTATCCTGGCACTGTGCCTGGCACAGGCAGCTGAACTGCGCTGTGGCAGCGGTCTGGATGGTGTCTCGCCGGCAGGCAAAAAACTGGTGCAGGCGCTGCGTGAACAATTCCCGCCGCTGGAAACCGATCGTCCGCTGGGTCAGGAAATTGCAGCACTGGCGACGCATCTGCTGCAACAAAGCCCGGTGTAAATCCtgagacctgagacggcat
linear T3 yfp;JMejlsted;gcatcgtctcatcggtctcaTATGGTGAGCAAGGGCGAGGAGCTGTTCACCGGGGTGGTGCCCATCCTGGTCGAGCTGGACGGCGACGTAAACGGCCACAAGTTCAGCGTGTCCGGCGAGGGCGAGGGCGATGCCACCTACGGCAAGCTGACCCTGAAGTTCATCTGCACCACAGGCAAGCTGCCCGTGCCCTGGCCCACCCTCGTGACCACCTTCGGCTACGGCCTGCAATGCTTCGCCCGCTACCCCGACCACATGAAGCTGCACGACTTCTTCAAGTCCGCCATGCCCGAAGGCTACGTCCAGGAGCGCACCATCTTCTTCAAGGACGACGGCAACTACAAGACCCGCGCCGAGGTGAAGTTCGAGGGCGACACCCTGGTGAACCGCATCGAGCTGAAGGGCATCGACTTCAAGGAGGACGGCAACATCCTGGGGCACAAGCTGGAGTACAACTACAACAGCCACAACGTCTATATCATGGCCGACAAGCAGAAGAACGGCATCAAGGTGAACTTCAAGATCCGCCACAACATCGAGGACGGCAGCGTGCAGCTCGCCGACCACTACCAGCAGAACACCCCAATCGGCGACGGCCCCGTGCTGCTGCCCGACAACCACTACCTTAGCTACCAGTCCGCCCTGAGCAAAGACCCCAACGAGAAGCGCGATCACATGGTCCTGCTGGAGTTCGTGACCGCCGCCGGGATCACTCTCGGCATGGACGAGCTGTACAAGTAAATCCtgagacctgagacggcat
linear T4 B0015;JMejlsted;gcatcgtctcatcggtctcaATCCTAACTCGAGCCAGGCATCAAATAAAACGAAAGGCTCAGTCGAAAGACTGGGCCTTTCGTTTTATCTGTTGTTTGTCGGTGAACGCTCTCTACTAGAGTCACACTGGCTCACCTTCGGGTGGGCCTTTCTGCGTTTATAGCTGtgagacctgagacggcat
linear T4 B1006;JMejlsted;gcatcgtctcatcggtctcaATCCTAACTCGAGTAAAAAAAAAAACCCCGCCCCTGACAGGGCGGGGTTTTTTTTTTGCTGtgagacctgagacggcat
linear T4 DT183;JMejlsted;gcatcgtctcatcggtctcaATCCTAACTCGAGAGCGTCAAAAGGCCGGATTTTCCGGCCTTTTTTATTAGGCAGCATGCTGCCAGGTGATCCCCCTGGCCACCTCTTTTGCTGtgagacctgagacggcat
linear T4 DT19;JMejlsted;gcatcgtctcatcggtctcaATCCTAACTCGAGTTCAGCCAAAAAACTTAAGACCGCCGGTCTTGTCCACTACCTTGCAGTAATGCGGTGGACAGGATCGGCGGTTTTCTTTTCTCTTCTCAACTCGGTACCAAAGACGAACAATAAGACGCTGAAAAGCGTCTTTTTTCGTTTTGGTCCGCTGtgagacctgagacggcat
linear T4 DT36;JMejlsted;gcatcgtctcatcggtctcaATCCTAACTCGAGGATCTAACTAAAAAGGCCGCTCTGCGGCCTTTTTTCTTTTCACTGTAACAACGGAAACCGGCCATTGCGCCGGTTTTTTTTGGCCTGCTGtgagacctgagacggcat
linear T4 DT56;JMejlsted;gcatcgtctcatcggtctcaATCCTAACTCGAGTACCACCGTCAAAAAAAACGGCGCTTTTTAGCGCCGTTTTTATTTTTCAACCTTCCAGGCATCAAATAAAACGAAAGGCTCAGTCGAAAGACTGGGCCTTTCGTTTTATCTGTTGTTTGTCGGTGAACGCTCTCGCTGtgagacctgagacggcat
linear T4 DT65;JMejlsted;gcatcgtctcatcggtctcaATCCTAACTCGAGTGCTCGTACCAGGCCCCTGCAATTTCAACAGGGGCCTTTTTTTATCCAATTCCATCGGGTCCGAATTTTCGGACCTTTTCTCCGCGCTGtgagacctgagacggcat
linear T4 DT86;JMejlsted;gcatcgtctcatcggtctcaATCCTAACTCGAGTAATCATTCTTAGCGTGACCGGGAAGTCGGTCACGCTACCTCTTCTGAAGAAACAGCAAACAATCCAAAACGCCGCGTTCAGCGGCGTTTTTTCTGCTTTTCTGCTGtgagacctgagacggcat
linear T4 ECK120010850;JMejlsted;gcatcgtctcatcggtctcaATCCTAACTCGAGAGTTAACCAAAAAGGGGGGATTTTATCTCCCCTTTAATTTTTCCTGCTGtgagacctgagacggcat
linear T4 ECK120017009;JMejlsted;gcatcgtctcatcggtctcaATCCTAACTCGAGGATCTAACTAAAAAGGCCGCTCTGCGGCCTTTTTTCTTTTCACTGCTGtgagacctgagacggcat
linear T4 ECK120029600;JMejlsted;gcatcgtctcatcggtctcaATCCttcagccaaaaaacttaagaccgccggtcttgtccactaccttgcagtaatgcggtggacaggatcggcggttttcttttctcttctcaaGCTGtgagacctgagacggcat
linear T4 ECK120033737;JMejlsted;gcatcgtctcatcggtctcaATCCggaaacacagaaaaaagcccgcacctgacagtgcgggctttttttttcgaccaaaggGCTGtgagacctgagacggcat
linear T4 ilvGEDA;JMejlsted;gcatcgtctcatcggtctcaATCCTAACTCGAGTAGAGATCAAGCCTTAACGAACTAAGACCCCCGCACCGAAAGGTCCGGGGGTTTTTTTTGACCTTAAAAACATAACCGAGGAGCAGACAGCTGtgagacctgagacggcat
linear T4 L3S2P11**;JMejlsted;gcatcgtctcatcggtctcaATCCTAACTCGAGCTCGGTACCAAATTCCAGAAAAGAGACGCTTTCGAGCGTCTTTTTTCGTTTTGGTCCGCTGtgagacctgagacggcat
linear T4 M13;JMejlsted;gcatcgtctcatcggtctcaATCCTAACTCGAGGGCTCCTTTTGGAGCCTTTTTTTTTGCTGtgagacctgagacggcat
linear T4 Ret0;JMejlsted;gcatcgtctcatcggtctcaATCCTAACTCGAGGCAGACAAAAAAAATGGCGCACAATGTGCGCCATTTTTCACTTCACAGGTACTATTGTTTTGAATTGAAAAGGGCGCTTCGGCGCCCTTTTTGCATTTGTTGACGGCATATATTTGTATATCGAAGCGCCCTGATGGGCGCTTTTTTTATTTAATCGATAACCAGAGCTGtgagacctgagacggcat
linear T4 rpoC;JMejlsted;gcatcgtctcatcggtctcaATCCTAACTCGAGGTAATCGTTAATCCGCAAATAACGTAAAAACCCGCTTCGGCGGGTTTTTTTATGGGGGGAGTTTAGGGAAAGAGCATTTGTCAGCTGtgagacctgagacggcat
linear T4 rrnB;JMejlsted;gcatcgtctcatcggtctcaATCCTAACTCGAGCAAATAAAACGAAAGGCTCAGTCGAAAGACTGGGCCTTTCGTTTTATGCTGtgagacctgagacggcat
linear T4 tR3;JMejlsted;gcatcgtctcatcggtctcaATCCTAACTCGAGCCGTTACAAAGCGAGGCTGGGTATTTCCCGGCCTTTCTGTTATCCGAAATCCACTGAAAGCACAGCGGGCTGtgagacctgagacggcat